Gene,AR13_1
PAU8,7
YAL067W-A,0
SEO1,4
YAL065C,5
YAL064W-B,643
TDA8,1288
YAL064W,0
YAL063C-A,0
FLO9,2761
GDH3,4982
BDH2,8036
BDH1,3252
ECM1,1335
CNE1,684
GPB2,13699
PEX22,10406
ACS1,7447
FLC2,2545
OAF1,1951
AIM2,1205
GEM1,666
SPC72,259
BOL3,355
BOL1,2122
GCV3,5333
PTA1,1251
ERV46,5199
CDC24,1077
CLN3,437
CYC3,7005
CDC19,3069
YAL037C-A,12
YAL037W,358
RBG1,442
FUN12,21241
MTW1,1495
FUN19,2492
POP5,391
PRP45,3185
GIP4,728
SNC1,5862
MYO4,556
FRT2,969
SAW1,2677
DRS2,715
MAK16,6469
LTE1,262
PMT2,565
FUN26,561
CCR4,817
ATS1,6426
FUN30,1355
LDS1,493
PSK1,3341
TPD3,4442
NTG1,1216
SYN8,762
DEP1,23574
CYS3,665
SWC3,3248
MDM10,170
SPO7,997
FUN14,1882
ERP2,330
SSA1,18422
EFB1,3048
VPS8,268
TFC3,2851
NUP60,1742
ERP1,1342
SWD1,1162
RFA1,1265
SEN34,1329
YAR009C,270
YAR010C,271
BUD14,3736
ADE1,2193
KIN3,1569
CDC15,499
PAU7,13
YAR023C,93
UIP3,983
YAR028W,558
YAR029W,202
PRM9,466
MST28,68
YAT1,4202
YAR035C-A,1284
SWH1,5529
FLO1,1242
YAR064W,9
YAR066W,55
YAR068W,425
PHO11,88
YBL113C,11377
YBL112C,461
YBL111C,620
PAU9,0
MIX23,8648
SRO77,2968
PKC1,2556
SEA4,901
RTG3,2778
SFT2,1092
ECM21,1661
YBL101W-C,217
YBL101W-B,607
YBL101W-A,176
ATP1,3417
BNA4,1174
BRN1,2274
MRX3,2040
ROX3,6152
RPL32,9639
SCS22,4938
MAP2,9238
MRP21,9589
AVT5,661
TEL1,741
RPL23A,1344
YBL086C,5986
BOI1,3672
CDC27,549
ALG3,367
YBL081W,412
PET112,1144
NUP170,6061
ATG8,13378
ILS1,1767
SSA3,42671
AAR2,1837
RPS8A,4810
YBL071C-B,764
KTI11,5244
YBL071C,2620
AST1,913
PRS4,375
UBP13,1955
SEF1,1579
PRX1,7552
KIP1,527
SKT5,2450
YEL1,49859
CMC2,47214
YBL059W,8292
SHP1,14485
PTH2,2441
PTC3,2368
YBL055C,1053
TOD6,9236
SAS3,8929
PIN4,864
SEC17,7951
MOH1,4617
RRT1,230
EDE1,6046
PSY4,11910
COR1,5762
YBL044W,830
ECM13,2940
FUI1,419
PRE7,6109
ERD2,4061
YBL039W-A,243
URA7,415
MRPL16,4357
APL3,3107
YBL036C,6823
POL12,4813
STU1,2518
RIB1,5173
HEK2,2109
SHE1,924
PET9,3189
YBL029C-A,1912
YBL029W,3780
YBL028C,5821
RPL19B,10487
LSM2,2515
RRN10,2200
NCL1,448
MCM2,3229
PIM1,8748
HAP3,3510
RFT1,1168
APN2,1196
POP8,661
PEP1,3894
FUS3,982
ACH1,13852
RRN6,489
FMT1,395
SCT1,1598
YBL010C,1478
ALK2,641
YBL008W-A,40
HIR1,1329
SLA1,3443
LDB7,2038
PDR3,185
YBL005W-B,220
YBL005W-A,28
UTP20,1244
HTA2,1503
HTB2,13939
ECM15,24150
NTH2,2415
RER2,1050
COQ1,1121
GPI18,502
RCR1,2485
UGA2,11692
DSF2,1834
FLR1,213
HHF1,15606
HHT1,3851
IPP1,5112
YBR012W-B,792
YBR012W-A,138
YBR013C,18
GRX7,2607
MNN2,1521
YBR016W,2079
KAP104,1777
GAL7,45
GAL10,166
GAL1,28
FUR4,746
POA1,1661
CHS3,1952
SCO2,1923
OLA1,2565
ETR1,2660
YBR027C,119
YPK3,769
CDS1,1939
RKM3,1183
RPL4A,1085
YBR032W,26
EDS1,2340
HMT1,1935
PDX3,2823
CSG2,1623
SCO1,5262
CHS2,264
ATP3,27123
FIG1,12
FAT1,889
CST26,1013
QDR3,3081
TCM62,1022
GIP1,1366
ZTA1,9772
FMP23,2632
RPS11B,1574
REB1,1744
REG2,15555
RFS1,2647
YBR053C,1934
YRO2,11605
PRP6,3186
YBR056W,4801
YBR056W-A,683
MUM2,3229
UBP14,1348
TSC3,18207
AKL1,21396
ORC2,628
TRM7,480
YBR062C,5530
YBR063C,2928
ECM2,1033
NRG2,1409
TIP1,1082
BAP2,7090
TAT1,1556
ALG14,374
YBR071W,11069
HSP26,65520
YBR072C-A,48646
RDH54,2736
PFF1,899
ECM8,1300
SLM4,1765
ECM33,726
RPG1,2574
SEC18,1644
SPT7,5251
UBC4,4132
TEC1,1615
MIS1,7722
RPL19A,13136
AAC3,89
YBR085C-A,42830
IST2,1181
RFC5,172
POL30,102
NHP6B,30247
YBR090C,32332
TIM12,14370
PHO3,42
PHO5,86
PBY1,2787
RXT2,5092
YBR096W,311
VPS15,471
MMS4,2954
FES1,2862
EXO84,1262
SIF2,2643
YMC2,661
VID24,1550
PHO88,1525
IML3,282
AIM3,6087
CMD1,1926
ALG1,996
YSA1,6211
SUS1,3970
CYC8,5029
RAD16,6684
LYS2,852
TKL2,6156
TEF2,22722
MUD1,7443
CBP6,6987
GRS1,3087
MRPL36,6104
TFC1,3026
PTC4,835
TPS1,24156
MEO1,7707
VMA2,23156
ATG14,12598
OPY1,2470
SHE3,462
CCZ1,767
AGP2,595
HSL7,753
CKS1,457
MEC1,2221
YBR137W,2621
YBR138C,367
YBR139W,2307
IRA1,1583
BMT2,733
MAK5,2280
SUP45,1638
YBR144C,12
ADH5,2339
MRPS9,6737
RTC2,7849
YSW1,1484
ARA1,2754
TBS1,1148
APD1,6583
SPP381,2469
RIB7,524
RPB5,1999
CNS1,1378
SLI15,1349
ICS2,1003
AMN1,570
IFA38,301
CDC28,1666
CSH1,158
TOS1,934
YSY6,10525
EXO5,538
ARL1,515
UBS1,1728
TYR1,1354
POP7,2089
PEX32,3613
SSE2,14294
NPL4,2369
SEC66,2816
SMY2,7021
UMP1,10522
SWD3,81
ECM31,660
EHT1,3454
FZO1,2458
DTR1,48
RPS6B,7356
SMP1,950
YBR182C-A,132
YPC1,1997
YBR184W,962
MBA1,1154
PCH2,611
GDT1,721
NTC20,679
RPS9B,3048
RPL21A,945
RIM2,864
MED8,1103
AIM4,285
MSI1,593
PGI1,2703
YBR196C-A,1476
YBR196C-B,12
YBR197C,676
TAF5,2432
KTR4,5135
BEM1,2963
YBR200W-A,1138
DER1,5475
YBR201C-A,2858
MCM7,523
COS111,1743
LDH1,783
KTR3,818
FTH1,4034
DUR1_2C2,897
YBR209W,1457
ERV15,1134
AME1,1325
NGR1,3758
MET8,924
SDS24,2135
HPC2,1344
YBP1,795
ATG12,4572
PYC2,1740
YBR219C,150
YBR220C,267
PDB1,2005
YBR221W-A,3024
PCS60,4858
TDP1,3588
YBR225W,1006
MCX1,1107
SLX1,1185
ROT2,774
OM14,11418
YBR230W-A,5669
SWC5,11436
PBP2,3401
DAD3,3775
ARC40,1152
VHC1,912
ABD1,2070
PRP5,5272
YBR238C,117
ERT1,924
THI2,327
YBR241C,1015
YBR242W,2192
ALG7,1213
GPX2,1040
ISW1,2263
RRT2,435
ENP1,5634
HIS7,1831
ARO4,239
SPO23,112
MRPS5,1568
DUT1,1233
SRB6,1319
TRS20,1407
MTC4,9619
RCF3,4920
RIB5,9984
POP4,6641
SHG1,3889
YBR259W,375
RGD1,1720
TAE1,1382
MIC12,10535
SHM1,938
YPT10,1221
TSC10,2108
REI1,27391
MRPL37,23016
SDH8,24090
BIT2,24240
EFM2,561
HSM3,1781
UBX7,4666
CHK1,1542
RIF1,2873
PPS1,601
DPB3,8478
PAF1,10891
SAF1,9517
DUG2,2309
MRPL27,6157
SSH1,765
YBR284W,1760
YBR285W,1432
APE3,3405
YBR287W,3098
APM3,399
SNF5,35073
BSD2,35375
CTP1,845
YBR292C,37
VBA2,283
SUL1,881
PCA1,885
PHO89,686
YBR296C-A,597
MAL33,429
MAL31,6951
YBR298C-A,829
MAL32,3885
PAU24,1
COS2,364
GEX1,30
VBA3,25
YCL068C,12
HMLALPHA2,4619
HMLALPHA1,38
CHA1,3158
VAC17,1066
MRC1,1945
KRR1,3514
FYV5,1440
ADF1,3718
MIC10,2297
PRD1,3687
PEX34,2683
KAR4,2203
RDT1,185
SPB1,4443
PBN1,4031
LRE1,1140
APA1,1104
YCL049C,1168
YCL048W-A,278
SPS22,195
POF1,504
EMC1,562
MGR1,1175
PDI1,4052
YCL042W,2701
GLK1,6579
GID7,755
ATG22,464
SRO9,223
GFD2,35476
GRX1,35695
LSB5,7325
MXR2,2934
STE50,3729
RRP7,3219
HIS4,1984
BIK1,1113
RNQ1,1939
FUS1,345
HBN1,204
FRM2,27
AGP1,3179
KCC4,537
YCL021W-A,20
YCL019W,745
YCL020W,477
LEU2,1039
NFS1,2355
DCC1,1272
BUD3,1370
YCL011C-A,1477
GBP2,8883
SGF29,6486
ILV6,1787
STP22,837
VMA9,659
LDB16,169
PGS1,475
YCL002C,297
RER1,1776
YCL001W-A,345
YCL001W-B,161
YCR001W,65
CDC10,1663
MRPL32,4507
YCP4,2815
CIT2,39198
YCR006C,239
YCR007C,2611
SAT4,4199
RVS161,6568
ADY2,11532
ADP1,4987
PGK1,5478
POL4,5831
CTO1,152
YCR016W,4921
CWH43,3895
SRD1,1732
MAK32,2365
PET18,943
MAK31,1457
HTL1,12114
HSP30,28834
YCR022C,35
YCR023C,3407
SLM5,683
YCR024C-B,627
PMP1,1372
YCR025C,14
NPP1,4288
RHB1,638
FEN2,1278
RIM1,2107
SYP1,2181
RPS14A,6026
BPH1,1188
SNT1,8105
ELO2,37
RRP43,1663
RBK1,3065
PHO87,1001
BUD5,439
MATALPHA2,252
MATALPHA1,1
YCR041W,81
TAF2,3975
YCR043C,1028
PER1,1653
RRT12,526
IMG1,1498
BUD23,6172
ARE1,3858
YCR050C,37
YCR051W,8580
RSC6,1508
THR4,508
CTR86,499
PWP2,1073
YIH1,1480
TAH1,3450
YCR062W,2024
BUD31,116
HCM1,309
RAD18,511
SED4,515
ATG15,5858
CPR4,5098
IMG2,5999
RSA4,5782
SSK22,676
SOL2,3018
ERS1,126
EGO2,333
FUB1,1378
PAT1,1914
PTC6,1859
SRB8,10355
AHC2,11553
TRX3,1860
TUP1,2548
YCR085W,34
CSM1,2082
YCR087C-A,1950
ABP1,3021
FIG2,1085
YCR090C,1048
KIN82,1662
MSH3,570
CDC39,675
CDC50,1224
OCA4,2087
YCR095W-A,205
HMRA2,849
HMRA1,15235
GIT1,789
YCR099C,447
YCR100C,189
YCR101C,84
YCR102C,73
PAU3,0
ADH7,7
RDS1,2
AAD3,198
YCR108C,0
COS7,2560
MPH2,248
SOR2,144
HXT15,1209
THI13,106
AAD4,2668
YDL242W,99
YDL241W,21
LRG1,308
ADY3,626
GUD1,680
AIM6,513
PHO13,784
YPD1,891
GYP7,6361
MFG1,1609
OST4,827
BRE4,1728
PTP1,2084
SSB1,1093
HO,301
GCS1,772
SHS1,2795
WHI4,1142
HBT1,7612
FMP45,2375
CDC13,1466
DTD1,699
YDL218W,107
TIM22,362
RRI1,1224
GDH2,4348
PRR2,2686
NOP6,5245
SHR3,2273
YDL211C,1298
UGA4,296
CWC2,1791
NHP2,1973
GLE1,5224
YDL206W,477
HEM3,417
RTN2,5200
ACK1,1385
MRPL11,1721
TRM8,4094
MGT1,18695
YDL199C,17928
GGC1,578
ASF2,2686
SEC31,1613
SNF3,2298
NUS1,1293
ARF1,2027
RPL35A,12793
UFD2,874
RBS1,871
PPH22,1274
YDL186W,253
VMA1,2055
RPL41A,98411
YDL183C,582
LYS20,13212
INH1,11690
YDL180W,730
PCL9,446
DLD2,3668
YDL177C,2051
YDL176W,1707
AIR2,2143
DLD1,11457
PAR32,4930
GLT1,5458
UGA3,3374
UGX2,11201
SFA1,1343
NRP1,964
FAP7,2264
CDC36,677
CDC9,566
ENT1,17033
MHF2,1084
DHH1,385
YDL159W-B,2
STE7,1579
YDL157C,1832
CMR1,2191
CLB3,3891
MSH5,980
SAS10,16989
RPC53,4201
ATG9,3646
NOP14,2609
RPN5,44095
LDB17,106
COP1,1474
YDL144C,3995
CCT4,3616
CRD1,399
BPL1,728
RPO21,2195
SCM3,632
RGT2,1535
ARF2,10363
RPL35B,14492
RDI1,1336
PPH21,4311
RPL41B,133003
SRF1,1617
CDC53,2071
LYS21,7298
STF1,21441
RPP1B,2073
YDL129W,3219
VCX1,1120
PCL2,2219
CDC48,28687
HNT1,2516
YDL124W,19356
SNA4,849
UBP1,13233
YDL121C,10288
YFH1,2349
HEM25,637
CYK3,1036
NUP84,1653
IWR1,17928
YDL114W,464
ATG20,8514
TRM3,1261
RRP42,1230
TMA17,21074
YDL109C,16301
KIN28,1293
MSS2,1789
PHO2,4123
NSE4,1880
QRI7,280
QRI1,502
POL3,1007
DUN1,1138
GET3,6358
BUG1,15751
SNU23,1764
RPN6,11322
PMT1,1121
PMT5,473
SRP14,5223
UBX3,10184
RAM1,1429
NUR1,836
ASM4,1947
LUC7,3324
YDL086W,4566
YDL085C-A,3903
NDE2,5232
SUB2,1514
RPS16B,1163
RPL13A,1406
RPP1A,1290
THI3,278
MRK1,6610
MDH3,5779
VAM6,595
RXT3,2307
RPL31A,8180
BRE1,1850
AHK1,1277
YET3,1440
BDF2,15652
CBS1,2782
COX9,23671
IDP1,4021
PEX19,28544
UBC9,1151
SYO1,738
RPS29B,2554
TSR1,2429
RAD59,2531
USO1,5272
YDL057W,409
MBP1,1985
PSA1,1192
MCH1,497
PBP4,4952
SLC1,437
LHP1,2949
KNH1,967
STP4,2338
SIT4,1503
NPC2,3548
MRP10,3448
FAD1,4433
MTF2,2116
PRP11,822
SIR2,1120
NAT1,1424
PRM7,130
BSC1,121
PUS9,259
GPR1,1424
SLM3,441
DBP10,3310
PRP9,2855
ARP2,2274
MPS1,1580
MRX9,779
RTK1,1500
DIA3,151
YDL022C-A,17
GPD1,2484
GPM2,4185
RPN4,12417
OSH2,4216
ERP3,1357
CDC7,1743
TSC13,635
NOP1,1005
SLX5,8137
YDL012C,1556
GRX6,5594
YDL009C,1666
APC11,1190
YDL007C-A,9
RPT2,14042
PTC1,1170
MED2,4306
ATP16,7436
MCD1,651
NHP10,14185
RMD1,2284
NTH1,8082
YRB1,29155
RCR2,4316
YDR003W-A,446
RAD57,2108
MAF1,961
SOK1,2082
TRP1,3126
GAL3,344
YDR010C,67
SNQ2,1002
RPL4B,943
PSF1,589
RAD61,981
HED1,3448
DAD1,3120
KCS1,4494
YDR018C,2586
GCV1,2453
DAS2,327
FAL1,1915
ATG31,4208
SES1,2018
RPS11A,1949
NSI1,2938
VPS54,3555
REG1,5282
YDR029W,1717
RAD28,3427
MIX14,25011
PST2,1349
MRH1,1458
LYS14,1375
YDR034C-D,548
YDR034C-C,466
YDR034C-A,31
YDR034W-B,454
ARO3,1831
EHD3,544
KRS1,195
ENA5,132
ENA2,41
ENA1,268
RSM10,6521
YDR042C,1074
NRG1,2665
HEM13,989
RPC11,745
BAP3,4196
HEM12,1107
VMS1,2412
TPI1,2546
DET1,10387
DBF4,4702
CDC34,12882
PST1,11070
EMC10,10828
YOS9,1833
TGL2,1760
UBC5,496
MAK21,2784
YDR061W,3449
LCB2,1070
AIM7,1426
RPS13,1340
RRG1,365
RTR2,356
OCA6,2853
DOS2,6525
DOA4,3476
FMP16,15865
PAA1,11004
IPT1,4554
SNF11,2599
TPS2,4072
PPH3,1432
RAD55,470
SED1,43288
SHU2,884
PET100,9254
TFB5,9285
VPS41,2135
PDC2,815
STN1,4100
RRP8,4453
TVP23,2066
AFR1,2646
SSS1,6897
RRP1,7638
SLU7,4823
VTC5,306
YDR090C,596
RLI1,675
UBC13,1757
DNF2,908
GIS1,1636
MSH6,1953
GRX3,1353
YDR098C-B,216
YDR098C-A,54
BMH2,6703
TVP15,258
ARX1,379
YDR102C,113
STE5,424
SPO71,1563
TMS1,725
ARP10,323
TMN2,173
TRS85,1015
YDR109C,1357
FOB1,990
ALT2,598
PDS1,2333
YDR114C,2393
MRX14,2567
MRPL1,5274
TMA64,2451
APC4,1140
VBA4,1335
COX26,23209
TRM1,3697
DPB4,3397
KIN1,3609
INO2,1855
YDR124W,492
ECM18,1134
SWF1,267
ARO1,711
MTC5,1811
SAC6,9585
FIN1,2511
YDR131C,1239
YDR132C,538
YDR134C,4105
YCF1,1291
RGP1,676
HPR1,2321
RUB1,2511
MTQ2,1468
DOP1,1477
PEX7,437
SAN1,961
MKC7,320
TAF12,10769
SWI5,1150
EKI1,783
KGD2,5479
NUM1,5047
CTH1,678
GIR2,10687
ENT5,12251
CPR1,6080
RPA14,739
YDR157W,35
HOM2,1443
SAC3,1885
SSY1,2618
ACL4,1432
NBP2,5877
CWC15,15186
SEC1,11302
TRM82,288
SEC5,868
TAF10,26925
CDC37,13808
STB3,1707
YDR169C-A,85
SEC7,2854
YDR170W-A,5
HSP42,45733
SUP35,4065
ARG82,1920
HMO1,3218
RSM24,5758
NGG1,5354
UBC1,6782
SDH4,4308
CSN9,3371
NVJ3,370
SCC2,851
SAS4,3294
CDC1,4344
YDR182W-A,30
PLP1,2138
ATC1,639
UPS3,458
SND1,8653
CCT6,3581
SLY1,2447
RVB1,3556
HST4,238
NUP42,527
MSS116,6871
YDR194W-A,281
REF2,608
CAB5,2398
CBS2,395
RKM2,425
VPS64,3581
SPC19,3367
RAV2,3408
COQ4,5718
MSC2,381
EBS1,3936
UME6,4185
MSS4,1993
YDR209C,890
YDR210W,832
YDR210W-B,914
YDR210W-A,254
YDR210W-D,357
YDR210W-C,96
GCD6,1930
TCP1,3165
UPC2,1743
AHA1,5479
YDR215C,89
ADR1,2715
RAD9,2640
SPR28,3212
MFB1,1238
GTB1,925
YDR222W,864
CRF1,22181
HTB1,2695
HTA1,14654
ADK1,1851
SIR4,1278
PCF11,587
IVY1,3428
COX20,3290
HEM1,2044
RTN1,1486
LYS4,700
PRP42,1050
FMN1,844
MRPL7,975
SEC26,1944
YDR239C,1377
SNU56,1466
AMD2,706
PRP28,1279
PEX5,8339
MNN10,3885
TRS23,1163
YDR246W-A,82
VHS1,363
YDR248C,829
YDR249C,1159
PAM1,2260
BTT1,1164
MET32,3222
CHL4,355
RMD5,3471
CTA1,5960
RKM4,1702
HSP78,15511
YAP6,2499
SWM1,4037
EXG2,4041
YDR261W-B,1036
YDR261W-A,371
YDR261C-D,270
YDR261C-C,106
YDR262W,3485
DIN7,1196
AKR1,3207
PEX10,1616
HEL2,1054
CIA1,1112
MSW1,448
CCC2,5901
GLO2,5025
DON1,3586
YDR274C,915
BSC2,16119
PMP3,14918
MTH1,1567
YDR278C,37
RNH202,868
RRP45,1313
PHM6,3704
MRX10,1787
GCN2,1818
DPP1,254
ZIP1,2286
YDR286C,1277
INM2,3216
NSE3,2528
RTT103,3567
HRQ1,1234
SRP101,1439
SSD1,3617
DPL1,4252
HDA2,1105
MHR1,4257
SUR2,1876
ATP5,2516
BFR2,5562
PRO1,1041
CFT1,937
GPI11,532
RSC3,304
CPR5,1708
HNT2,1408
YDR306C,1453
PMT7,5228
SRB7,5310
GIC2,348
SUM1,3168
TFB1,4882
SSF2,7189
PIB1,5914
RAD34,1530
IPK1,1073
OMS1,9493
YDR316W-B,407
YDR316W-A,77
HIM1,1356
MCM21,1640
YFT2,181
SWA2,846
DAD4,952
ASP1,189
MRPL35,15051
TIM11,27866
PEP7,29079
UTP4,1028
YCG1,850
YSP2,473
SKP1,6902
PEX3,12073
UBX5,5703
GPI8,256
IRC3,876
RQC1,1372
SWR1,6648
MSN5,5335
MRX8,454
MRPS28,5903
YDR338C,4843
FCF1,3878
RRS1,4330
HXT7,29064
HXT6,2015
YDR344C,37
HXT3,522
SVF1,12516
MRP1,4989
PAL1,5431
YPS7,1288
ATP22,1014
SBE2,1255
YPQ2,597
TRR1,3255
TRP4,503
SPC110,4197
CNL1,1628
GGA1,3487
EAF1,1971
BCP1,2823
TFC6,4213
ESC2,2277
SEM1,29917
CDC40,8711
ESF1,10794
YDR365W-B,327
YDR365W-A,90
YDR366C,123
KEI1,414
YPR1,1195
XRS2,1086
DXO1,193
CTS2,1553
VPS74,3030
FRQ1,3364
PHO92,1380
WIP1,2612
BCS1,3133
ARH1,34846
ATP17,51124
LSM6,27393
RGA2,11992
SDH6,9103
ARO10,2398
YRA1,4070
YDR381C-A,7371
RPP2B,5004
NKP1,4419
ATO3,645
EFT2,2604
MUS81,1624
CIN10,561
RVS167,14593
SAC7,1050
UBA2,741
YDR391C,1241
SPT3,2012
SHE9,4645
RPT3,7524
SXM1,3726
NCB2,4671
UTP5,1850
HPT1,3922
URH1,117
DIT2,411
DIT1,573
RPB7,991
MRP20,4681
PDR15,1954
TRS120,453
ADE8,2218
SIZ1,379
STE14,168
DFM1,318
RRP17,6541
ERD1,1873
YDR415C,545
SYF1,1592
RPL12B,1429
RAD30,1479
HKR1,746
ARO80,2429
SIP1,967
CAD1,5934
DYN2,11730
SNX41,643
RPN9,4033
BNA7,3875
TIF35,9410
CYM1,9034
NPL3,11674
GPI17,2257
PPM1,1707
PPZ2,1922
GPI19,508
THI74,550
LRS4,415
DOT1,1264
APT2,1124
SSN2,767
YDR444W,4129
ECM11,2819
RPS17B,5363
ADA2,287
UTP6,225
RPS18A,3818
YHP1,2265
PPN1,4865
TSA2,671
GUK1,344
NHX1,825
TOM1,3515
HEH2,2677
PFA5,174
TFB3,8546
MFA1,4664
YDR461C-A,4862
MRPL28,7003
STP1,5136
SPP41,6114
RMT2,3514
PKH3,2053
TLG1,4573
SDC1,4882
UGO1,4232
RPL27B,3716
TRS31,297
PRP3,9597
JIP4,4685
YDR476C,3042
SNF1,2914
SNM1,1794
PEX29,4002
DIG2,2051
PHO8,5481
CWC21,7661
KRE2,1356
VPS52,691
VPS72,10691
VPS60,11306
RIB3,3845
PAC11,931
SLD5,645
PKH1,2246
IZH1,2869
MZM1,28236
RSM28,31627
VPS3,1912
PUF6,2757
ITR1,14365
SEC20,2959
LCD1,19620
RPL37B,19664
PLM2,264
SAM2,1337
LPP1,244
SPG3,87
PSP1,2072
GMC1,1148
GIN4,3911
GNP1,2453
SMT3,4257
SDH7,1385
EMI1,21910
GRX2,7120
YDR514C,8645
SLF1,1966
EMI2,2089
GRH1,1412
EUG1,3300
FPR2,3255
URC2,3305
SPS2,906
SPS1,213
AGE1,564
YDR524W-A,859
YDR524C-B,1876
API2,5
SNA2,1791
RBA50,6946
HLR1,27153
QCR7,39764
APA2,15507
CAB1,885
KRE28,5191
HSP31,2055
FIT1,605
STL1,1077
PAD1,338
FDC1,464
IRC4,302
YDR541C,72
PAU10,1
YRF1-1,1872
YEL077C,4730
YEL076C-A,99
YEL076C,104
YEL075C,9
YEL073C,309
RMD6,199
DLD3,1807
DSF1,1026
HXT13,46
YEL068C,186
YEL067C,503
HPA3,575
SIT1,2699
AVT2,1476
CAN1,1131
NPR2,376
CIN8,894
PRB1,88612
SOM1,19508
PCM1,3627
SDD1,454
HAT2,916
POL5,1711
RPL12A,1316
MAK10,363
AFG1,5734
VMA8,6868
RML2,3710
PAU2,147
TCA17,124
FRD1,386
GLY1,1576
IES6,2802
YEL043W,1161
GDA1,725
YEF1,1232
UTR2,20708
CYC7,22141
UTR4,2431
RAD23,9084
ANP1,5248
UTR5,66
HYP2,5352
MTC7,126
MCM3,1033
SPF1,1207
ECM10,1607
BUD16,858
YEL028W,61
VMA3,982
SNU13,225
YEL025C,382
RIP1,2733
YEL023C,1103
GEA2,1557
URA3,16032
TIM9,6284
PXP1,1143
MMS21,231
EAF5,3190
PMP2,927
GTT3,718
NPP2,789
EDC3,3647
YEL014C,29
VAC8,1072
UBC8,66108
GLC3,18955
YEL009C-A,63
GCN4,2593
YEL008W,26
MIT1,601
YEA6,196
VAB2,1167
YEA4,8275
GIM4,8438
WBP1,9124
IRC22,1062
MNN1,2816
NOP16,15055
PMI40,3607
FMP52,6224
YND1,5368
NUG1,7731
PAC2,697
TMA20,410
SEC3,4198
NTF2,942
YER010C,1464
TIR1,391
PRE1,5294
PRP22,2545
HEM14,1917
BUD25,643
FAA2,1613
BIM1,1784
AFG3,1964
SPC25,856
ISC1,22160
SBH2,21140
GPA2,23805
RPN3,5902
SRB4,850
PRO3,3722
YAT2,13895
GCD11,6001
CHO1,3664
GAL83,2903
MIG3,991
SMB1,7307
CHZ1,80112
YPT31,51853
FIR1,317
ZRG8,1699
YER034W,3937
EDC2,1917
ARB1,3856
PHM8,6619
KRE29,6313
FMP49,37
HVG1,419
YER039C-A,125
GLN3,795
YEN1,7200
MXR1,8310
SAH1,3785
ERG28,380
MEI4,142
ACA1,400
SPO73,677
SAP1,3304
CAJ1,9608
ISD11,6347
TPA1,3655
RSM18,5581
JHD1,2171
HOM3,145
PIC2,1322
YER053C-A,2548
GIP2,3408
HIS1,1678
FCY2,915
RPL34A,2617
HMF1,396
PET117,4327
PCL6,633
FCY21,424
FCY22,254
CEM1,855
GPP2,273
THO1,1120
VHR2,1981
ICL1,64387
RRT13,445
RGI1,18074
MOT2,2985
ARG5_2C6,2233
RNR1,164
TDA2,254
VTC1,2781
ALD5,1265
RPS24A,9506
YOS1,7071
PTP3,1190
YER076C,94
MRX1,1737
ICP55,1655
YER078W-A,2477
YER079W,3392
AIM9,4812
SER3,671
UTP7,1193
GET2,1507
YER084W,1477
YER085C,1388
ILV1,361
AIM10,1795
SBH1,967
DOT6,2099
PTC2,986
TRP2,402
MET6,1346
IES5,5162
TSC11,4317
AIM11,657
PUP3,7402
RAD51,9104
SHC1,616
UBP9,2153
PRS2,1397
UBC6,2100
AST2,1625
RPS8B,3704
SSA4,19630
RTT105,2329
NUP157,754
MAM1,689
GLE2,358
FLO8,436
KAP123,670
SWI4,456
LSM4,6661
TMN3,3118
BOI2,2155
SPR6,272
SLX8,4486
RPL23B,4534
SHO1,2229
AVT6,493
SCS2,6897
YER121W,4128
GLO3,10748
YCK3,920
DSE1,460
RSP5,6217
NSA2,4598
LCP5,2092
VFA1,190
SAK1,3775
COM2,847
RPS26B,4681
PMD1,902
GLC7,11346
YER134C,1815
YER135C,22
GDI1,1779
YER137C,2261
YER138C,435
YER137C-A,338
YER138W-A,1
RTR1,2040
EMP65,2084
COX15,4595
MAG1,5639
DDI1,2437
UBP5,1610
FTR1,20718
YER145C-A,2629
LSM5,3062
SCC4,4438
SPT15,4870
PEA2,1044
SPI1,2861
UBP3,2352
YER152C,1614
PET122,831
OXA1,937
BEM2,1878
YER156C,1038
COG3,729
YER158C,3246
BUR6,23709
YER160C,473
YER159C-A,301
SPT2,15384
RAD4,17215
GCG1,7020
CHD1,1786
PAB1,3955
DNF1,2745
BCK2,2426
CCA1,557
RPH1,2121
ADK2,2298
RAD3,1574
BRR2,1980
RAD24,1169
GRX4,825
TMT1,3215
YER175W-A,245
ECM32,3255
BMH1,10740
PDA1,2041
DMC1,665
ISC10,377
SLO1,689
YER181C,12
FMP10,3327
FAU1,932
TOG1,602
PUG1,202
YER186C,1042
YER187W,771
YER188W,59
YER188C-A,113
YER189W,42
YRF1-2,6767
YER190C-B,5235
YFL068W,98
YFL067W,262
YFL066C,1771
YFL065C,42
YFL064C,10
COS4,326
DDI2,574
SNO3,1657
SNZ3,4325
THI5,230
AGP3,961
AQY3,1555
DAK2,358
ZNF1,542
YFL051C,94
ALR2,1243
SWP82,2375
EMP47,1180
RGD2,4523
FMP32,4442
SEC53,2311
OTU1,3616
LAM5,3401
YFL041W-A,1540
FET5,2671
YFL040W,306
ACT1,1420
YPT1,10338
TUB2,1709
RPO41,4689
MOB2,1742
RPL22B,527
MIL1,3922
RIM15,1082
HAC1,4760
AGX1,4343
CAK1,2454
CAF16,1799
GYP8,1287
STE2,519
BST1,432
EPL1,3345
BUD27,5409
FRS2,717
GAT1,700
PAU5,144
YFL019C,731
LPD1,6918
SMX2,838
GNA1,1496
MDJ1,12964
YFL015C,71
HSP12,155210
IES1,86490
YFL012W,265
HXT10,177
AUA1,919
WWM1,977
CDC4,903
SMC1,4146
BLM10,4269
SEC4,13907
VTC2,6521
MSH4,379
YFL002W-A,213
YFL002W-B,97
SPB4,36064
DEG1,378
LOC1,7820
NIC96,1477
YPI1,14157
RPN11,11665
SAD1,7155
YFR006W,4081
YFH7,3392
FAR7,4528
GCN20,2656
UBP6,9355
MIC19,6342
DCV1,517
YFR012W-A,9
IOC3,1493
CMK1,3684
GSY1,7700
YFR016C,6527
IGD1,4332
YFR018C,7628
FAB1,896
CSS2,2282
ATG18,619
ROG3,2697
PES4,2996
LSB3,6677
HIS2,696
ULI1,1099
ECO1,1993
CDC14,640
PTR3,1258
MET10,1828
SMC2,2758
RPL2A,830
RRT5,51
RPL29,1125
YFR032C-B,1161
QCR6,163419
PHO4,163064
YFR035C,4209
CDC26,2980
RSC8,6762
IRC5,1608
OSW7,1258
SAP155,7573
ERJ5,1344
KEG1,1084
IRC6,1210
DUG1,1464
YFR045W,347
CNN1,1751
BNA6,3113
RMD8,868
YMR31,12416
PRE4,11571
RET2,1039
RPN12,4073
HXK1,11108
YFR054C,16
IRC7,99
YFR057W,4
COS12,28
YGL262W,70
PAU11,3
YGL260W,18
YPS5,23
YGL258W-A,7
VEL1,52
MNT2,1463
ADH4,197
ZRT1,12019
FZF1,548
HXK2,943
RTG2,3277
HFM1,285
RMR1,687
ZIP2,1458
PDE1,9343
BRR6,908
RAI1,1025
GUS1,6053
RTF1,19189
TAD1,1101
YGL242C,1468
KAP114,484
DOC1,475
CSE1,561
HAP2,1353
MTO1,1285
YGL235W,245
ADE5_2C7,404
SEC15,1520
TAN1,1057
EMC4,2811
YGL230C,2749
SAP4,285
SHE10,9883
VID30,5198
OST5,537
MTC3,16115
VRG4,517
SDT1,863
COG1,577
EDC1,270
NIF3,1873
BOL2,10219
MDM34,13492
KIP3,1100
CLG1,700
SKI8,805
VAM7,4131
NCS6,1145
YPT32,2518
MIG2,4052
SIP2,7251
SPT16,5851
CHC1,1388
POX1,1957
YGL204C,93
KEX1,6659
ARO8,680
MCM6,2398
EMP24,907
YIP4,314
MDS3,3855
DSD1,584
GCN1,1454
YGL194C-A,1107
HOS2,440
YGL193C,153
IME4,974
COX13,14551
CDC55,4100
RPS26A,3589
YGL188C-A,3465
COX4,4604
TPN1,3578
YGL185C,701
STR3,533
MND1,2277
GTS1,6222
ATG1,4455
TOS3,628
MPT5,505
YGL176C,581
SAE2,1121
BUD13,1793
XRN1,3661
NUP49,2261
ROK1,2032
SPO74,665
SUA5,477
HUR1,257
PMR1,815
CUP2,7524
YRB30,8309
RAD54,3651
SUT1,210
YIP5,1753
AIM14,866
YGL159W,340
RCK1,371
ARI1,443
AMS1,3371
CDC43,788
LYS5,918
PEX14,5059
NUT1,2864
INO80,8011
YGL149W,697
ARO2,1294
RPL9A,911
RRT6,1422
TIP20,856
ROG1,439
MRF1,962
GPI10,1152
HUL5,2471
YGL140C,3011
FLC3,584
YGL138C,112
SEC27,3229
MRM2,2824
RPL1B,1576
PCL10,2316
ITC1,1582
SNT2,1296
CEG1,2978
RSM23,2220
CWC23,281
SOH1,1486
SCS3,692
MET13,436
MON1,774
RPS2,1541
NAB2,13425
GPG1,15170
PRP43,534
COQ8,1229
YGL118C,196
YGL117W,918
